Feature,Permutation_Importance_Mean,Permutation_Importance_Std,Rank
seniority_Lead / Principal / Executive,8982.108967703442,128.52017741249665,1
city_clean_San Francisco,2615.4216452610913,132.68952770095532,2
num_skills,1989.5107557285578,27.686597773740367,3
skill_machine_learning,1074.4082972330375,25.515970034325964,4
seniority_Senior,938.7303652504445,63.102314386082,5
role_family_Software Engineer,764.3243413631033,106.61674173595866,6
role_family_Other Tech,666.4712067420726,48.464154401468214,7
skill_kubernetes,644.1108048802896,38.240289864065254,8
seniority_Junior / Entry,592.1224965849033,37.5137975593019,9
skill_gis,375.3806229803216,34.159099973780265,10
skill_rust,370.5984042211392,54.45103848183199,11
skill_llm,346.54702975359976,46.27204274323107,12
seniority_Mid / Unspecified,338.5904760851248,40.71174339171159,13
skill_c++,310.10723804715235,22.54712063015809,14
city_clean_New York City,280.8638113983572,24.30342984983454,15
skill_pytorch,273.2246775392967,21.012602955825084,16
skill_sql,246.93700324067467,36.8233876715261,17
city_clean_Toronto,238.62724506095984,18.553907968104234,18
role_family_ML / AI Engineer,231.19753323296317,22.759994626169128,19
role_family_Technical Product & PM,229.2238503965942,24.28602151043663,20
skill_qa_testing,229.0197316667909,20.84831990548334,21
skill_tableau,228.4050269444051,33.002681524135205,22
is_remote,207.84371901623382,54.0440044133174,23
skill_ci_cd,201.2486447653515,32.485886133950245,24
skill_serverless,197.96022946350132,31.798413666292156,25
skill_data_engineering,192.7898157498552,21.562566072507543,26
skill_power_bi,191.7995535583177,24.866669913258743,27
city_clean_Mountain View,186.45641386971403,33.03255775522373,28
role_family_Data Scientist,167.70942273795953,6.195206190579441,29
skill_python,167.42206824691675,17.500574761877477,30
skill_git,157.92887345769995,40.21591886651824,31
skill_deep_learning,154.49306583248108,26.55083796739922,32
skill_statistics,152.8492584551306,13.728137859627948,33
skill_spring,144.23272379461997,11.487165502022094,34
city_clean_New York,141.7073934341999,33.619333351140604,35
skill_typescript,141.65239401256113,15.140203198319073,36
city_clean_Hawthorne,141.0670904175262,25.729918915926152,37
role_family_Engineering Management,132.61196662015573,13.528661677934283,38
role_family_Data / BI Analyst,127.75667160877201,21.186143826380963,39
role_family_QA / SDET,123.82310218676722,13.30472726240525,40
skill_computer_vision,123.26451945321897,15.529876505902395,41
role_family_Data Engineer,119.09950548068882,13.110913118581013,42
skill_snowflake,115.55921021225367,15.62529379780322,43
skill_docker,108.33014101057924,21.18781871396738,44
skill_azure,103.80362212654435,14.032205730430032,45
skill_html_css,100.05733886604284,24.71956716751049,46
skill_next_js,99.41611706815893,21.334020860584925,47
skill_react,99.1139716142803,14.696464078267232,48
role_family_Security Engineer,97.07740273391974,12.280529950446457,49
skill_javascript,96.70466959827027,18.271884756136256,50
skill_aws,88.69723532976059,22.926291755517497,51
skill_databricks,87.31360348120215,22.916060433293428,52
skill_kafka,85.50288745777361,21.469317982245617,53
skill_robotics,85.46783081485337,5.131431373091263,54
city_clean_Costa Mesa,83.43814538043952,6.229895218568447,55
skill_gcp,80.14873681698373,10.308333349009073,56
city_clean_Other,71.39719128231954,22.75617831288312,57
role_family_Solutions & Architecture,70.88178935627657,8.86991588226359,58
skill_android,59.64025962103769,12.937541298662758,59
skill_data_science,55.15908512962924,17.81388845980914,60
city_clean_San Jose,54.73643851902598,22.684596946569673,61
skill_node_js,53.95871217685199,24.45439233968869,62
skill_redis,53.44404744418716,8.88586027312686,63
skill_ruby,53.24115906837833,3.4648161006281124,64
skill_java,48.83191879039659,10.16180658487578,65
skill_rest_api,47.86228219558252,5.273413772207724,66
city_clean_Los Angeles,45.43347271592647,15.987732611026168,67
skill_c#,44.91617765864066,9.04815526492556,68
skill_nosql,43.419311150486465,5.130632625360286,69
skill_linux,42.66948193302378,12.220961101810483,70
role_family_DevOps / Cloud / Platform,42.3510174518975,14.755721974875453,71
role_family_Full-Stack Developer,42.06478568412422,7.878623844343267,72
skill_ios,41.58590325719852,8.77963877577305,73
skill_microservices,37.82870565878547,13.98509266825649,74
skill_php,37.4559263917472,9.103855252056343,75
skill_security,34.08051970108936,12.958676702788969,76
city_clean_Boston,33.85763256463397,14.086738453020628,77
role_family_Backend Developer,33.31211327666388,16.446874252845905,78
role_family_Mobile Engineer,31.077897326678794,10.737375987627175,79
skill_hardware,30.45790177915769,15.126177226949427,80
skill_go,29.467044286138844,3.293770851497493,81
skill_swift,29.122780644097656,4.344670489435066,82
role_family_Systems & Network Engineer,26.732106529088924,5.367467982287297,83
city_clean_Chicago,26.188688858698878,5.899124331788705,84
skill_spark,25.04880027174222,13.805498569589917,85
city_clean_Denver,24.62815093456593,6.892681175136981,86
skill_devops,23.20011613175884,7.698443415279417,87
skill_nlp,23.092936398356688,12.028459482709826,88
skill_embedded,22.171552998313565,6.730356571966772,89
skill_dbt,20.678553494052903,16.795757091602013,90
skill_looker,18.223449893512587,14.421391733227342,91
city_clean_Long Beach,18.039093713281908,7.158732081426141,92
skill_scala,14.514810241632222,3.993569675266209,93
skill_vue,14.119699939413113,8.793090109187188,94
skill_kotlin,13.377265257787077,7.081930076870051,95
skill_redshift,11.542052548474748,6.632479245429611,96
seniority_Intern,11.313827482376656,6.844475825817483,97
skill_angular,11.046375587547663,1.3383062422238097,98
skill_flutter,10.613154560815019,9.412904436636952,99
skill_tensorflow,10.601318531509605,5.522903715675162,100
skill_scikit_learn,10.496153192939527,5.297898438029107,101
skill_airflow,10.264469879188983,11.014544941972098,102
skill_django,9.523131563972857,2.8182546219746367,103
role_family_Frontend Developer,8.847587626692256,6.8570799380085825,104
skill_graphql,7.563839416865084,1.4558442680604422,105
skill_react_native,7.430151568012661,5.060827718442274,106
role_family_Embedded & Hardware,6.806298426484863,3.267740475567542,107
skill_terraform,6.660133987589506,3.8545968795226146,108
skill_fastapi,6.011096550016373,5.143528185262176,109
skill_blockchain,5.751006169214088,4.702166653606386,110
skill_ansible,4.791260052516009,6.4388147740317505,111
city_clean_Washington,4.545161023798573,2.108952005922318,112
skill_hadoop,3.1479247760013096,0.961051678738472,113
skill_elasticsearch,2.685980188753456,3.2908135289520084,114
skill_unity,2.46495666862902,2.4378205453084862,115
city_clean_Seattle,1.8734820248268078,4.491229106539646,116
skill_grpc,1.5500548527488718,5.5096749482023935,117
skill_bigquery,0.7581930265907431,4.0593711949367135,118
skill_rabbitmq,0.3610348119895207,1.3039705006258875,119
skill_numpy,-0.4238329446947319,1.352334974884592,120
skill_flask,-1.507364497645176,2.6211963784996817,121
skill_pandas,-3.1217359173009753,5.6998440005190725,122
skill_etl,-13.176602664141683,6.538306490457534,123
