Feature_Set,Model,CV_MAE_Mean,CV_MAE_Std,CV_RMSE_Mean,CV_RMSE_Std,CV_R2_Mean,CV_R2_Std,CV_MAPE_Mean,Target,Train_MAE_Mean,Train_RMSE_Mean,Train_R2_Mean,Fit_Time_Sec
Set A,Ridge,38543.93637792515,410.39814066138547,52853.324247972705,530.1035862120497,0.34770255167617214,0.009936528028805944,23.667098425876667,salary_midpoint,38343.19842008986,52593.9387418231,0.35421600117825475,0.5
Set A,Random Forest,37202.45943836749,240.7513049486083,51158.40365574563,627.3007503656407,0.3888324949804451,0.013356097150993404,22.6631109749633,salary_midpoint,34220.034167729624,47167.27881558005,0.48060396377143333,26.0
Set A,Gradient Boosting,37010.33557045111,179.65457406826573,51000.865414670014,492.05577494336256,0.3926494360862873,0.006649875679678201,22.69119576916218,salary_midpoint,35633.193268822106,49133.70943153719,0.4363907685865233,94.1
Set A,XGBoost,36944.22337140945,199.08446913098254,50865.005161490415,448.7822287203801,0.39587106036680436,0.0069047969026476115,22.63182941223036,salary_midpoint,35560.718540293004,48894.7416905133,0.44185815051166893,4.3
Set A,MLP Regressor,36943.17893509895,183.9912543343042,50751.31667550731,344.7808575952073,0.39855195158306844,0.007050543292374451,22.364067754471435,salary_midpoint,34180.182938515296,47432.72630463485,0.4747356477067236,57.0
Set B,Ridge,39026.966461101874,405.8451188641108,53539.69343089631,520.0217868692151,0.33064245856762653,0.010600277335068815,24.007471272559837,salary_midpoint,38928.73315917996,53416.213887520054,0.33386435641736745,0.9
Set B,Random Forest,36682.81298597388,89.34729060978707,50776.35098148427,486.6071828205192,0.3979750161080994,0.007632079486612587,22.243721663171193,salary_midpoint,29852.42130827203,42072.63873023145,0.5867472800067325,44.7
Set B,Gradient Boosting,37222.225025938256,260.00756407894767,51264.767960714045,457.8127172952346,0.3863217638971623,0.008663908674170655,22.762304826777314,salary_midpoint,35071.500427346924,48374.073737588216,0.4536888273028776,155.4
Set B,XGBoost,37088.55669052215,212.45799583234646,51086.28393392663,445.768694726401,0.3906143340510753,0.005522263010073383,22.639070972042568,salary_midpoint,34939.1766315089,48032.85661779581,0.4613610564231312,2.1
Set B,MLP Regressor,37697.91885885938,215.5120258856786,51757.05967871914,385.1915051845676,0.37444823248945686,0.010367023259035163,22.98041115495162,salary_midpoint,36238.48079907072,49958.12949207541,0.41732200321018553,44.2
Set C,Ridge,38468.823976574145,441.06463405148133,52754.512528508625,537.301429739857,0.35013310205682824,0.010527205554717131,23.607445053218044,salary_midpoint,38268.69232177577,52491.49530087722,0.3567283125252006,4.3
Set C,Random Forest,37179.80112883848,212.0674902814846,51158.8437903227,538.3431257448183,0.38883438063157677,0.011408162942430123,22.652397556446445,salary_midpoint,34284.91095924155,47240.66841315506,0.47898856506981946,32.5
Set C,Gradient Boosting,36981.6713405227,164.64937055351652,50991.22695756351,398.61936122153907,0.39286338361864576,0.006676596115623853,22.678379249177773,salary_midpoint,35630.16351896824,49110.789798255995,0.43691817628244856,114.3
Set C,XGBoost,36946.874033039196,204.33239339756963,50899.51370339231,385.02023189635526,0.3950354163785599,0.0075221144032251485,22.643882733249022,salary_midpoint,35554.082497117925,48886.10883517178,0.4420609985525535,3.9
Set C,MLP Regressor,37061.96444998423,266.59760162799563,50787.411930590184,424.7609059615801,0.3977072654308237,0.0071123361864185485,22.399075961314118,salary_midpoint,34190.55479729096,47354.50934773804,0.4764694365618632,59.9
