City,N,Share,Median_Salary,Mean_Salary,Std_Dev,Q1,Q3,IQR
Mountain View,610,0.017922200023504524,220000.0,220923.15163934426,52677.44538620518,185875.0,252000.0,66125.0
San Francisco,4460,0.1310377247620167,218000.0,231038.16370515694,74103.58351828236,182500.0,269000.0,86500.0
New York City,1146,0.033670231519567516,200000.0,202510.96247818499,58856.2545274085,162500.0,235000.0,72500.0
San Jose,412,0.012104830179809614,200000.0,207849.63713592233,65426.36822167753,165000.0,237750.0,72750.0
Seattle,570,0.016746973792455048,189950.0,192454.0543859649,51632.61772509254,158400.0,219375.0,60975.0
New York,2311,0.06789869549888354,178500.0,185991.57171138035,74635.56650137466,135973.625,220000.0,84026.375
Other,19834,0.5827359266658831,175000.0,178852.40478698196,61984.979073101684,135600.0,215000.0,79400.0
Boston,787,0.02312257609589846,174400.0,176716.93027318933,55581.33691968251,137605.0,204250.0,66645.0
Chicago,507,0.014895992478552122,170650.0,174758.3053550296,63552.67013876233,125000.0,213753.25,88753.25
Costa Mesa,983,0.028881184628040898,170000.0,184190.74262461852,42613.63729202782,150000.0,213750.0,63750.0
Washington,428,0.012574920672229404,167500.0,176283.9047897196,53434.76827102979,138362.5,205000.0,66637.5
Los Angeles,533,0.015659889528734282,162500.0,161912.97725140714,47666.57077909099,131000.0,190000.0,59000.0
Denver,384,0.01128217181807498,157050.0,163678.83658854166,55542.206331849644,125000.0,195000.0,70000.0
Long Beach,348,0.01022446821013045,155500.0,157430.42816091955,38099.66963252066,130000.0,183125.0,53125.0
Toronto,362,0.010635797390997768,147750.0,153289.8288674033,48680.35116754005,120000.0,181042.5,61042.5
Hawthorne,361,0.01060641673522153,137500.0,144115.6509695291,35186.141292971464,112500.0,167500.0,55000.0
