Role_Family,N,Share,Median_Salary,Mean_Salary,Std_Dev,Q1,Q3,IQR,Min,Max
Engineering Management,827,0.024297802326947938,242500.0,251223.78657799275,60629.87184395884,210000.0,277150.0,67150.0,110000.0,500000.0
Mobile Engineer,309,0.00907862263485721,200000.0,203462.36030744336,56552.55934159511,170500.0,229500.0,59000.0,50000.0,524500.0
Backend Developer,684,0.020096368550946056,195000.0,198646.25804093567,51723.53514292231,168870.0,225000.0,56130.0,45000.0,524500.0
Security Engineer,692,0.020331413797155952,195000.0,201453.82189306358,59340.22910594493,162750.0,235250.0,72500.0,60000.0,524500.0
Technical Product & PM,2494,0.07327535550593489,194525.0,197843.94383119486,50806.96831127797,162975.0,225000.0,62025.0,31000.0,524500.0
Solutions & Architecture,864,0.025384886590668704,193500.0,194135.54263310187,48078.97978086831,163000.0,217500.0,54500.0,65000.0,524500.0
Software Engineer,6511,0.1912974497590786,192775.0,196837.50966748578,60368.590800087455,157500.0,227867.5,70367.5,36000.0,524999.5
Full-Stack Developer,737,0.021653543307086614,192500.0,193752.61329715062,49915.12920111612,162500.0,219375.0,56875.0,40000.0,445000.0
Frontend Developer,582,0.01709954166176989,191250.0,191035.16323024055,63720.785781014194,150000.0,225000.0,75000.0,39000.0,460000.0
ML / AI Engineer,5963,0.17519685039370078,190000.0,199262.8341019621,72471.4343160867,150000.0,239000.0,89000.0,31000.0,600000.0
DevOps / Cloud / Platform,1677,0.04927135973674932,176250.0,182916.91703637448,55758.96000553034,143150.0,212500.0,69350.0,45000.0,445000.0
Data Scientist,1954,0.057409801386766955,175000.0,183150.14931934493,70748.03432140283,135706.25,225000.0,89293.75,30000.0,600000.0
Data Engineer,1624,0.04771418498060877,175000.0,177892.17165948273,62479.351339799905,135956.25,211625.0,75668.75,33000.0,524500.0
Embedded & Hardware,820,0.02409213773651428,170000.0,174060.59920731708,45770.3957945466,145000.0,198875.0,53875.0,83000.0,477500.0
Systems & Network Engineer,652,0.019156187566106476,170000.0,175277.5173159509,50479.87811032911,142500.0,200000.0,57500.0,47500.0,412500.0
Other Tech,6928,0.2035491832177694,152250.0,161863.5927706409,69367.41381013999,112500.0,198000.0,85500.0,30000.0,600000.0
QA / SDET,503,0.014778469855447174,142435.0,146354.203777336,43457.512098113606,117500.0,170000.0,52500.0,40000.0,524500.0
Data / BI Analyst,215,0.006316840991890939,128150.0,135024.30679069768,56085.04348031148,99750.0,160000.0,60250.0,40000.0,524500.0
