Skill,Global_Prevalence,Cluster_0_FOUND_TECH,Cluster_1_DEVOPS_PLAT,Cluster_2_WEB_FRONT,Cluster_3_CLOUD_ARCH,Cluster_4_DATA_BI,Cluster_5_AI_ML,Cluster_6_SYS_ENG
skill_airflow,0.019455619275870924,0.20722904721338214,3.299614922617026,0.4263051720911645,2.895532034247143,2.6367279831842505,0.5912581308122531,0.5853301584108226
skill_android,0.034263459727809635,1.326687500002752,0.36634656828585216,1.91754535953861,1.1251461775975529,0.5672976082139409,0.2955577449445424,0.43982081937312223
skill_angular,0.02002054266883506,0.19706013262667027,4.06038393302659,8.163674905954643,1.0243890936647222,0.6105544663562731,0.12277232703045361,0.25660772426955947
skill_ansible,0.019190276470084738,0.1722232988258119,8.328834027148533,0.20338807902074052,1.9142070315490056,0.2575725960314705,0.07685043861828565,1.4188621626128581
skill_aws,0.16904048617649575,0.18763399258148483,4.065702788929082,1.8866110114913537,5.833579443494559,0.4887965743680969,0.4065582569500889,0.34089346053162994
skill_azure,0.10430540101001455,0.20471428505841896,2.8721579533282044,0.7405976255656423,8.44607189290771,0.4719650900242237,0.22811030773850496,0.16828344782919277
skill_bigquery,0.016151673371565523,0.16926974000887746,2.2574406630854726,0.8961236997390956,2.668113247837067,3.552424062482301,0.5113262413785379,0.3180739056096479
skill_blockchain,0.02420611144397843,1.3932420811084925,0.6815348916245948,1.0413630378312475,0.46652823401946003,0.6236380176880036,0.6539389043862968,0.3961752292081603
skill_c#,0.03073696824445776,0.44079890809183037,2.570836584972601,3.222194537192042,1.317580859892476,1.3082316094569597,0.24949962994326114,1.5209885395213942
skill_c++,0.05585894034066592,0.5294063580085473,0.9480802079915637,0.6317751510724188,0.9085896445811994,0.3240602628888682,0.4875547750483198,4.9327338209124685
skill_ci_cd,0.13421210305572198,0.3189685035944235,5.806619267639781,2.573702441153986,1.5203535155967975,0.5126190358476965,0.499607599125912,0.8159681388201903
skill_computer_vision,0.03309081571514166,1.0202099945867211,0.6177641175515347,0.5209474134925856,0.702148982342299,0.34921091259636694,0.894324966947591,2.5487256282300113
skill_data_engineering,0.08161431139262176,0.31823955374506135,1.7679704373159773,0.6994171825731158,2.6003700589825005,2.2130414633069724,1.3950140416634913,1.027095218332953
skill_data_science,0.07766840708722075,0.6487640217388375,0.7742079666592022,0.3413019012288245,1.674584409530985,2.258392940405752,1.315247513465523,0.9139121861817202
skill_databricks,0.0329538645895746,0.4179713291894575,1.3204716221586728,0.4836322093367344,4.285546929331965,2.112080868134493,0.8622393174232328,0.44950453609531443
skill_dbt,0.019506975947958572,0.37522363568208605,1.409522198576414,0.408508987932639,2.1160253932272117,3.9857696806378535,0.2520091904753007,0.1975226413812702
skill_deep_learning,0.020063339895574767,0.3311827916385064,0.48263167514633604,0.0972687871583841,1.5268362998432559,0.5659718860924101,3.77332157295592,2.9489617305684033
skill_devops,0.0941966960540957,0.42397467918725323,6.257968639307232,1.3138460778321122,1.783127210598146,0.5155228571289233,0.44672930212012857,0.5053979294484726
skill_django,0.005546520585466062,0.03743693876989307,4.3753156014697225,4.486071904008595,1.5679702601052445,1.3728823873010125,0.531785991655415,1.0651793166018169
skill_docker,0.0720619703843191,0.12654478926359924,8.261468639285328,1.785113570809137,2.0048078370481672,0.2484150163532043,0.33154041780596155,0.5905335706780889
skill_elasticsearch,0.014354189848497817,0.2881104264847765,5.921407361372727,2.617150940461644,1.3112122921866103,1.0097880045256347,0.49316259136246493,0.36983440890862174
skill_embedded,0.03238038175126252,1.0099959137521224,0.36180798916255336,0.17076247705404526,0.2926338816069142,0.14027365859399163,0.24898215415002461,4.066948744154638
skill_etl,0.02219464178721219,0.3687676125632211,1.5512378138854104,0.4616234865021762,2.4914097823472483,3.3797205021534897,0.3853962092810772,0.5130950476309402
skill_fastapi,0.007121458529487289,0.004859602822548854,4.884926494615359,4.338904559798745,1.9138328923534325,1.0411256778334517,1.1320906081442095,0.6131906260216612
skill_flask,0.0034408970298724644,0.030173051799021123,4.3428243587299,3.686534538091395,2.565197665350719,1.339449911158115,0.5428978778525115,0.9207129741578546
skill_flutter,0.002584952495078319,0.7698123898643412,1.6648833926197721,5.599287655420624,0.3012882826943664,0.25840234785890487,0.6846303008192112,0.927469504189388
skill_gcp,0.09491568946332278,0.1759256209278331,3.0278231605205663,0.892678795787183,8.857672352415634,0.2807915757031553,0.1905970424765967,0.12539237564315348
skill_gis,0.018779423093383547,1.2761663656838216,0.5538230635394887,0.8313510895982545,0.7188442372924851,0.6615761862439453,0.38218790253907725,1.1991342853038685
skill_git,0.05228965163057434,0.41166544510137987,3.8522831684887198,2.671609099748587,1.1567882957447975,1.110077268044854,0.2632380255271148,1.385316311426062
skill_go,0.01501326714028931,0.22705484601472334,5.191661987272351,1.8523215360281486,2.1787581536661635,0.7830448113942421,0.6352326889307446,1.1919701684448623
skill_graphql,0.013737909783446033,0.21412531766537254,2.662776953946106,9.422971618174966,1.152717442772543,0.5834581948567015,0.314896860312642,0.2929351641510295
skill_grpc,0.007592228023624069,0.2962878499793837,4.660757052641441,2.33481623535945,1.5558073464058926,0.7390250769977441,0.8546946409614555,1.2518376812659149
skill_hadoop,0.005854660617991954,0.1536884869347708,3.3486989313195172,0.5277731701855819,4.301140770026519,2.2247540282330855,0.3694513240242648,0.5557457356744829
skill_hardware,0.021518445604724813,1.400802874890337,0.09999899676088551,0.05290328377996108,0.08445023155840618,0.1614141548143076,0.4934568525640393,2.280016798096558
skill_html_css,0.026363091671659677,0.5218077955162802,0.9976090476340693,7.9947364610379,0.6843876593037852,1.1376251230782806,0.34683501692051644,0.2858121306090929
skill_ios,0.031087905503723357,1.3614596236070513,0.4076133907554284,1.9617122206186839,1.3361100388601497,0.3136971465561073,0.3036100208252461,0.39385730229769744
skill_java,0.0843276555679192,0.35006507593808966,3.952362704274589,2.266017930093315,1.6993497331440697,1.0083413142275945,0.4313879781935878,1.458071260551562
skill_javascript,0.054335359068732346,0.23820936918626465,1.7139137501505868,7.144393662904591,1.390350063825874,1.0756591931399808,0.5862715322141735,1.0290227430103478
skill_kafka,0.03345887186510314,0.1660097196828922,6.477695843116443,1.545650576540166,2.125949664529299,1.2237659280109636,0.31735752057295463,0.48110612293078586
skill_kotlin,0.019661045964221517,0.7692093995962044,2.1585184600052263,3.3499929230527377,0.680008450904671,1.2230523595307243,0.37005086594663233,0.5487294208482802
skill_kubernetes,0.10248223915090302,0.15010423361507963,7.8073971114222385,1.1219314199348152,2.6838984069332414,0.29199713722137877,0.42692122471295785,0.5614550656744492
skill_linux,0.06578789694427802,0.5954841454415682,3.267215133733131,0.28428067454586053,1.4284869658613566,0.534058613292129,0.21371075230334927,2.754000373935948
skill_llm,0.13567576821021998,0.0,1.310215493555619,1.2657768037901578,1.6952944918234214,0.5922601666571997,7.370512847069773,0.10223675667653936
skill_looker,0.020944962766412736,0.582437453159754,0.36528716710636466,0.15529085790599795,0.7312840813937552,4.5763736602558724,0.3520610628001111,0.12264108467300044
skill_machine_learning,0.1401181203458016,0.5894363557255955,1.1236356864213362,0.5466660560972646,1.6498837287756998,0.9653391315719536,2.4243208220626613,1.5570388877607673
skill_microservices,0.04262603783274844,0.2293576668684069,6.3270049430651705,2.9491714746888538,1.8666772051831848,0.59860119058841,0.5120523267297786,0.33947365000377583
skill_next_js,0.011786356244115382,0.20994050019925672,1.1461274069133567,11.797283641774758,0.7819202745808939,0.30602953969227376,0.8758828933878241,0.26152742750424013
skill_nlp,0.013703672002054267,0.3081006609430239,1.2474786029846434,0.49843417325984524,2.472220744600268,0.8237566002244645,4.247379489243167,0.9372352486681799
skill_node_js,0.036480356072926476,0.17170750608985644,2.8116565007607237,9.250272516669693,1.1386090296138212,0.424793726137535,0.3773160686572986,0.6454579507395328
skill_nosql,0.04272019173157579,0.10328726262006108,5.1125715469811235,3.2776717279706835,2.695095397422967,1.4728783860089099,0.2646677240052877,0.2084464376932281
skill_numpy,0.006060087306342549,0.022842878242512302,1.4400512953594007,0.26835924063120603,2.7416672409408696,2.149338649890126,1.20057449441997,3.1084083700752023
skill_pandas,0.010271334417529743,0.11455704213664525,1.6294280143044215,0.37999671044276156,2.9950574706076507,2.620760437742285,1.072080648090177,1.8006163158329365
skill_php,0.0072241718736625864,0.3137783364293292,3.3923432215478067,3.286701270517214,1.2397801726876572,1.7197843945364346,0.16331627346950986,1.1259777710602115
skill_power_bi,0.04552768980570059,0.9649990110280744,0.1312890288577061,0.08572966476979371,0.729874293761802,3.170504203779269,0.19219882538418903,0.37613930178772553
skill_python,0.27112899084139347,0.0,2.227960022237455,1.0220899975488893,1.7129634757028858,1.6671297705093144,1.0722886547780865,3.668701452975063
skill_pytorch,0.02591800051356672,0.251030288144136,0.9317167717540881,0.16314258672729257,2.218635415384875,0.3968883943086449,3.717585028589578,2.7981838198108546
skill_qa_testing,0.08022768124625525,1.336370726936363,0.8255047445323681,1.5101758951940993,0.36403404235199294,0.43210799490071683,0.3529430120654886,0.9029016753293838
skill_rabbitmq,0.00742103911666524,0.11658562777624247,7.651787225434533,3.199510821802755,0.9969968869277238,1.098105940561957,0.09274053702431972,0.11537974166995167
skill_react,0.07313190105281178,0.2496234500331795,1.8978391682571698,11.036539277562227,0.807585018233244,0.30780255577163806,0.40735411260458904,0.3161194639249383
skill_react_native,0.008413934777026448,0.3578407917546899,2.074377139737351,11.152497315012797,0.3085421694103569,0.15083551061923184,0.36224203651194115,0.1628227672326322
skill_redis,0.017889240777197637,0.1063997339498859,5.967515832261246,4.754504492847291,0.8924767346807282,1.2807116968389582,0.3132703322349441,0.19623942586352514
skill_redshift,0.008225626979371736,0.10307819542353958,2.761331784347164,0.6722106057349307,3.645244320702021,3.4430710318725493,0.21514922549102583,0.15614084913585807
skill_rest_api,0.024266027561414022,0.27667684310434043,4.404259188450769,4.7248270882572765,1.3426374073317706,1.0322425400346342,0.368705005495133,0.46223937021056927
skill_robotics,0.06711461097320894,1.3479019010369913,0.2279958493221264,0.2713916278471522,0.305579157513117,0.22194070898854867,0.3779540191871601,2.212209999512349
skill_ruby,0.024009244200975777,0.9225103624000937,1.7178080863292942,2.309784054893474,0.92448810849501,0.8262797928588372,0.4709292643183084,0.9129685136306844
skill_rust,0.024813832063682272,0.4672192598520072,2.389581652419774,1.6384819425866692,1.6111671044700686,0.29341467522042125,0.5784893197856464,3.1745948892090743
skill_scala,0.012907643584695712,0.3271015623009986,3.158213133345184,1.0835450181667436,3.7409307363965536,1.2782009747734806,0.4951111465863673,1.0149362724749629
skill_scikit_learn,0.006684926816742275,0.031061635169932687,1.7882874657357841,0.07298271906430233,4.77663559724356,1.9184641860723584,1.8384407446268598,1.3192735157467443
skill_security,0.07938885560215699,1.1094251984777173,1.2754337883079163,0.5141734900575353,1.976744229494181,0.41563928733392114,0.8087047237684014,0.7884100859191632
skill_serverless,0.019857913207224173,0.18560333003511625,5.333768307366447,3.8491047909984366,2.078630118764528,0.7265563632565467,0.5347200528125927,0.46998847617447265
skill_snowflake,0.03447744586150817,0.4286102605520353,1.407748231721395,0.7169749743717065,3.0909486146934464,2.8498812536309224,0.556078186624036,0.32036787021357466
skill_spark,0.053992981254814686,0.7588993355754147,1.6428603341758,0.5120438004765521,2.449743386463712,1.5006267176286217,0.650080659834202,0.6961800050811208
skill_spring,0.036369083283403235,0.9858189797869388,3.247570838051115,1.9496184670246475,0.5853224848084598,0.6905651670606282,0.2243789295162736,0.3060591216386764
skill_sql,0.20333818368569717,0.0,2.146480491000411,2.0114746066427163,1.2262870689336816,4.914958984697216,0.30026796719354715,0.03621377932038427
skill_statistics,0.057750577762560984,0.8245782575113668,0.34776590016424586,0.34637319642517533,0.6922741282366971,2.454359795542196,0.8784756061321293,1.1238470403708063
skill_swift,0.021852263973294532,1.4847201568317414,0.4321800227355945,1.9721726099305243,0.2613604952351941,0.4004276213455765,0.22496237691072832,0.42709489609715373
skill_tableau,0.036369083283403235,0.6656181239005441,0.1906468710596808,0.10731844772612739,0.7673435014257248,4.288483151825975,0.2460058142889265,0.29899621883163
skill_tensorflow,0.014619532654284003,0.11244234038553483,1.0957344943423908,0.11124025803460456,2.78791709306337,1.4163721024846896,2.938896308014358,2.389576756872606
skill_terraform,0.05603012924762475,0.18035617061297549,8.327429678527645,1.2771048418034243,2.182292683629165,0.27419238780085875,0.25092893948294254,0.46456479235531023
skill_typescript,0.10303004365317127,0.7547601647184636,1.1916277553995576,7.767566569725403,0.5026813045933475,0.1627267771019584,0.35976077311343324,0.47203998644901934
skill_unity,0.01342976975092014,1.3503068598370076,0.5786005099965132,0.4238331794143617,0.8602112802235685,0.5321871304778255,0.43193635403996156,1.0583610058501562
skill_vue,0.023187537447573396,1.1798234215373344,1.510591469965613,4.0258051610015615,0.4478360657027546,0.2679029470861866,0.16536603204796335,0.1809404951820865
