k,inertia,silhouette,davies_bouldin,calinski_harabasz,min_cluster_size,max_cluster_size,cluster_balance,silhouette_sample_n
2,183996.921875,0.3449210822582245,1.9742725587638585,22991.69921875,22713,94117,0.24132728412507837,25000
3,165294.40625,0.2360655665397644,2.0025361136992834,19405.5234375,18062,76064,0.23745793016407235,25000
4,156326.859375,0.2013043761253357,2.0181679465146845,15914.0087890625,16488,61123,0.26975115750208595,25000
5,146592.875,0.23562152683734894,1.961802615605261,14666.7451171875,8349,66473,0.1255998676154228,25000
6,139592.578125,0.23327550292015076,1.8327998109183177,13494.0380859375,8251,59540,0.13857910648303662,25000
7,133421.25,0.23785482347011566,1.7632647410406688,12665.9775390625,6149,57791,0.10640065062033881,25000
8,128545.484375,0.22096629440784454,1.6842531499948237,11900.552734375,6077,52740,0.1152256351915055,25000
9,122572.40625,0.21911142766475677,1.6195441662521832,11632.142578125,4380,51923,0.08435568052693411,25000
10,120154.71875,0.19442081451416016,1.605435380943207,10808.6591796875,5917,40989,0.14435580277635462,25000
