Component,Eigenvalue,Explained_Variance_Ratio,Cumulative_Variance_Ratio,Explained_Variance_%,Cumulative_Variance_%
PC1,0.4148,0.123357,0.123357,12.34,12.34
PC2,0.2204,0.065536,0.188893,6.55,18.89
PC3,0.1703,0.050631,0.239523,5.06,23.95
PC4,0.1476,0.043899,0.283422,4.39,28.34
PC5,0.1316,0.039144,0.322566,3.91,32.26
PC6,0.1121,0.033325,0.35589,3.33,35.59
PC7,0.0971,0.02888,0.38477,2.89,38.48
PC8,0.0877,0.026071,0.410841,2.61,41.08
PC9,0.0848,0.025227,0.436068,2.52,43.61
PC10,0.0762,0.022666,0.458734,2.27,45.87
PC11,0.0747,0.022207,0.480941,2.22,48.09
PC12,0.0725,0.021574,0.502515,2.16,50.25
PC13,0.0684,0.020348,0.522863,2.03,52.29
PC14,0.0656,0.019512,0.542375,1.95,54.24
PC15,0.061,0.018143,0.560518,1.81,56.05
